1,Study,Bone-13.json
2,Study,spoon-12.json
3,Study,fountain-18.json
4,Study,HCircle-2.json
5,Study,fly-2.json
6,Study,chicken-11.json
7,Study,hammer-18.json
8,Study,guitar-1.json
9,Study,pocket-16.json
10,Study,imageA16.json
11,Study,elephant-16.json
12,Study,jar-9.json
13,Study,personal_car-3.json
14,Study,camel-17.json
15,Study,bird-1.json
16,Study,device9-3.json
17,Study,device9-1.json
18,Study,bottle-11.json
19,Study,cup-16.json
20,Study,bottle-04.json
21,Study,dog-9.json
22,Study,cattle-2.json
23,Study,device8-6.json
24,Study,hammer-9.json
25,Study,spring-4.json
26,Study,Misk-8.json
27,Study,hat-5.json
28,Study,device5-1.json
29,Study,device2-2.json
30,Study,device7-18.json
31,Study,sea_snake-5.json
32,Study,stef-10.json
33,Study,chopper-17.json
34,Study,device5-8.json
35,Study,device5-14.json
36,Study,octopus-18.json
37,Study,tree-6.json
38,Study,flatfish-1.json
39,Study,hammer-16.json
40,Study,bat-18.json
41,Study,dog-12.json
42,Study,horse-1.json
43,Study,flatfish-10.json
44,Study,frog-8.json
45,Study,deer-1.json
46,Study,fountain-14.json
47,Study,device7-9.json
48,Study,stef-11.json
49,Study,device0-4.json
50,Study,Bone-16.json
51,Study,tree-4.json
52,Study,bell-15.json
53,Study,children-12.json
54,Study,horseshoe-14.json
55,Study,crown-12.json
56,Study,horse-9.json
57,Study,Misk-11.json
58,Study,Glas-3.json
59,Study,carriage-10.json
60,Study,lmfish-8.json
61,Study,device6-12.json
62,Study,cellular_phone-18.json
63,Study,bat-13.json
64,Study,camel-13.json
65,Study,spoon-7.json
66,Study,device2-20.json
67,Study,deer-14.json
68,Study,brick-19.json
69,Study,device7-11.json
70,Study,octopus-16.json
71,Study,bat-16.json
72,Study,stef-13.json
73,Study,device3-2.json
74,Study,hammer-17.json
75,Study,imageA4.json
76,Study,fish-7.json
77,Study,bell-5.json
78,Study,ray-3.json
79,Study,carriage-05.json
80,Study,personal_car-10.json
81,Study,ray-4.json
82,Study,horse-15.json
83,Study,spoon-6.json
84,Study,device7-12.json
85,Study,device7-13.json
86,Study,cellular_phone-6.json
87,Study,bird-3.json
88,Study,camel-1.json
89,Study,jar-2.json
90,Study,cellular_phone-20.json
91,Study,device0-15.json
92,Study,Bone-14.json
93,Study,car-16.json
94,Study,children-19.json
95,Study,dog-13.json
96,Study,beetle-1.json
97,Study,key-14.json
98,Study,car-20.json
99,Study,teddy-08.json
100,Study,imageA9.json
101,Study,device8-20.json
102,Study,Glas-15.json
103,Study,cattle-13.json
104,Study,bird-9.json
105,Study,imageA28.json
106,Study,octopus-17.json
107,Study,Misk-13.json
108,Study,camel-9.json
109,Study,shoe-1.json
110,Study,cellular_phone-19.json
111,Study,spoon-16.json
112,Study,chopper-04.json
113,Study,chicken-16.json
114,Study,fish-10.json
115,Study,spoon-4.json
116,Study,frog-7.json
117,Study,brick-16.json
118,Study,bottle-14.json
119,Study,watch-12.json
120,Study,device9-5.json
121,Study,device3-4.json
122,Study,hammer-1.json
123,Study,personal_car-5.json
124,Study,horse-11.json
125,Study,Misk-1.json
126,Study,pocket-6.json
127,Study,bell-11.json
128,Study,Misk-10.json
129,Study,lmfish-14.json
130,Study,lmfish-19.json
131,Study,bottle-07.json
132,Study,camel-4.json
133,Study,device4-2.json
134,Study,butterfly-16.json
135,Study,fork-3.json
136,Study,key-16.json
137,Study,device9-4.json
138,Study,cellular_phone-14.json
139,Study,device2-15.json
140,Study,beetle-2.json
141,Study,device1-7.json
142,Study,tree-16.json
143,Study,Bone-11.json
144,Study,key-15.json
145,Study,imageA6.json
146,Study,stef-08.json
147,Study,bird-14.json
148,Study,dog-10.json
149,Study,children-3.json
150,Study,guitar-17.json
151,Study,device8-10.json
152,Study,horseshoe-2.json
153,Study,face-18.json
154,Study,bat-2.json
155,Study,sea_snake-6.json
156,Study,pencil-18.json
157,Study,ray-1.json
158,Study,bat-7.json
159,Study,personal_car-16.json
160,Study,device5-4.json
161,Study,device5-20.json
162,Study,hammer-12.json
163,Study,Bone-1.json
164,Study,jar-10.json
165,Study,cup-4.json
166,Study,HCircle-20.json
167,Study,horse-17.json
168,Study,device1-13.json
169,Study,rat-18.json
170,Study,personal_car-19.json
171,Study,stef-04.json
172,Study,Comma-10.json
173,Study,rat-20.json
174,Study,horseshoe-3.json
175,Study,device5-6.json
176,Study,sea_snake-3.json
177,Study,Glas-12.json
178,Study,stef-19.json
179,Study,HCircle-19.json
180,Study,device5-11.json
181,Study,turtle-5.json
182,Study,teddy-10.json
183,Study,bat-5.json
184,Study,cattle-1.json
185,Study,device0-11.json
186,Study,HCircle-17.json
187,Study,octopus-3.json
188,Study,shoe-12.json
189,Study,sea_snake-9.json
190,Study,device4-7.json
191,Study,device8-12.json
192,Study,device1-1.json
193,Study,butterfly-8.json
194,Study,camel-8.json
195,Study,cup-12.json
196,Study,Glas-4.json
197,Study,hat-1.json
198,Study,personal_car-2.json
199,Study,sea_snake-12.json
200,Study,carriage-18.json
201,Study,fountain-20.json
202,Study,device2-10.json
203,Study,sea_snake-11.json
204,Study,flatfish-20.json
205,Study,hat-19.json
206,Study,apple-14.json
207,Study,brick-05.json
208,Study,Comma-3.json
209,Study,carriage-02.json
210,Study,device7-19.json
211,Study,tree-18.json
212,Study,imageA12.json
213,Study,bird-4.json
214,Study,camel-7.json
215,Study,elephant-1.json
216,Study,bird-8.json
217,Study,face-5.json
218,Study,cattle-19.json
219,Study,guitar-11.json
220,Study,bottle-06.json
221,Study,Comma-5.json
222,Study,device4-8.json
223,Study,chicken-14.json
224,Study,hat-13.json
225,Study,frog-6.json
226,Study,dog-18.json
227,Study,horseshoe-10.json
228,Study,children-16.json
229,Study,chopper-18.json
230,Study,teddy-04.json
231,Study,Heart-2.json
232,Study,face-6.json
233,Study,chopper-20.json
234,Study,teddy-16.json
235,Study,apple-13.json
236,Study,tree-11.json
237,Study,cellular_phone-2.json
238,Study,personal_car-8.json
239,Study,personal_car-4.json
240,Study,fountain-01.json
241,Study,Bone-20.json
242,Study,cellular_phone-4.json
243,Study,butterfly-3.json
244,Study,HCircle-15.json
245,Study,bat-9.json
246,Study,turtle-7.json
247,Study,fish-16.json
248,Study,Misk-5.json
249,Study,bell-12.json
250,Study,horseshoe-1.json
251,Study,lizzard-11.json
252,Study,rat-12.json
253,Study,butterfly-6.json
254,Study,jar-12.json
255,Study,pocket-1.json
256,Study,fork-12.json
257,Study,sea_snake-20.json
258,Study,lmfish-7.json
259,Study,frog-15.json
260,Study,brick-09.json
261,Study,chicken-20.json
262,Study,cellular_phone-10.json
263,Study,imageA7.json
264,Study,car-03.json
265,Study,personal_car-7.json
266,Study,deer-2.json
267,Study,cellular_phone-7.json
268,Study,chicken-4.json
269,Study,HCircle-11.json
270,Study,device5-2.json
271,Study,device6-11.json
272,Study,children-15.json
273,Study,cup-9.json
274,Study,device0-10.json
275,Study,chopper-09.json
276,Study,carriage-06.json
277,Study,hat-3.json
278,Study,shoe-2.json
279,Study,device8-14.json
280,Study,camel-15.json
281,Study,imageA14.json
282,Study,rat-11.json
283,Study,imageA19.json
284,Study,elephant-20.json
285,Study,device2-5.json
286,Study,stef-01.json
287,Study,Heart-14.json
288,Study,device5-9.json
289,Study,stef-12.json
290,Study,brick-12.json
291,Study,chopper-07.json
292,Study,Comma-19.json
293,Study,stef-18.json
294,Study,fish-2.json
295,Study,device9-11.json
296,Study,crown-9.json
297,Study,frog-5.json
298,Study,horseshoe-20.json
299,Study,bat-6.json
300,Study,apple-1.json
301,Study,lmfish-6.json
302,Study,fish-1.json
303,Study,key-6.json
304,Study,Heart-3.json
305,Study,hammer-8.json
306,Study,Comma-1.json
307,Study,carriage-15.json
308,Study,imageA15.json
309,Study,frog-4.json
310,Study,lmfish-15.json
311,Study,tree-19.json
312,Study,Heart-16.json
313,Study,fountain-19.json
314,Study,car-15.json
315,Study,horseshoe-19.json
316,Study,turtle-18.json
317,Study,flatfish-17.json
318,Study,frog-17.json
319,Study,fountain-08.json
320,Study,spoon-18.json
321,Study,rat-02.json
322,Study,face-20.json
323,Study,lizzard-7.json
324,Study,fish-20.json
325,Study,jar-3.json
326,Study,cup-15.json
327,Study,device2-3.json
328,Study,hat-15.json
329,Study,device8-8.json
330,Study,beetle-11.json
331,Study,turtle-4.json
332,Study,fork-13.json
333,Study,crown-14.json
334,Study,Comma-11.json
335,Study,pencil-13.json
336,Study,shoe-11.json
337,Study,deer-15.json
338,Study,lizzard-5.json
339,Study,shoe-7.json
340,Study,car-05.json
341,Study,apple-11.json
342,Study,car-04.json
343,Study,elephant-13.json
344,Study,watch-6.json
345,Study,hat-11.json
346,Study,teddy-09.json
347,Study,watch-5.json
348,Study,face-14.json
349,Study,ray-10.json
350,Study,chicken-7.json
351,Study,turtle-16.json
352,Study,horse-8.json
353,Study,bottle-08.json
354,Study,bat-19.json
355,Study,flatfish-15.json
356,Study,shoe-14.json
357,Study,guitar-16.json
358,Study,personal_car-13.json
359,Study,hammer-3.json
360,Study,imageA3.json
361,Study,Heart-8.json
362,Study,children-5.json
363,Study,fountain-06.json
364,Study,horse-5.json
365,Study,personal_car-1.json
366,Study,spoon-11.json
367,Study,device7-17.json
368,Study,butterfly-7.json
369,Study,brick-08.json
370,Study,device1-2.json
371,Study,shoe-16.json
372,Study,jar-6.json
373,Study,deer-8.json
374,Study,bird-17.json
375,Study,Comma-12.json
376,Study,Bone-15.json
377,Study,bird-2.json
378,Study,brick-01.json
379,Study,flatfish-8.json
380,Study,lmfish-11.json
381,Study,brick-11.json
382,Study,bell-14.json
383,Study,device7-6.json
384,Study,turtle-20.json
385,Study,camel-3.json
386,Study,spoon-2.json
387,Study,classic-5.json
388,Study,cellular_phone-11.json
389,Study,crown-5.json
390,Study,carriage-17.json
391,Study,fountain-04.json
392,Study,shoe-20.json
393,Study,crown-17.json
394,Study,children-18.json
395,Study,watch-10.json
396,Study,turtle-19.json
397,Study,device2-7.json
398,Study,device8-3.json
399,Study,device1-18.json
400,Study,octopus-10.json
401,Study,classic-17.json
402,Study,hat-2.json
403,Study,frog-3.json
404,Study,chicken-15.json
405,Study,fork-17.json
406,Study,apple-7.json
407,Study,horse-4.json
408,Study,device5-19.json
409,Study,device2-9.json
410,Study,teddy-11.json
411,Study,key-10.json
412,Study,watch-4.json
413,Study,guitar-2.json
414,Study,device3-9.json
415,Study,Comma-20.json
416,Study,device4-4.json
417,Study,cellular_phone-1.json
418,Study,face-17.json
419,Study,classic-16.json
420,Study,rat-10.json
421,Study,device4-14.json
422,Study,chopper-14.json
423,Study,rat-16.json
424,Study,car-10.json
425,Study,horseshoe-17.json
426,Study,lmfish-5.json
427,Study,face-16.json
428,Study,carriage-12.json
429,Study,HCircle-6.json
430,Study,lizzard-1.json
431,Study,face-3.json
432,Study,carriage-14.json
433,Study,children-14.json
434,Study,chicken-5.json
435,Study,key-20.json
436,Study,hammer-15.json
437,Study,Misk-20.json
438,Study,turtle-3.json
439,Study,hammer-10.json
440,Study,chopper-11.json
441,Study,device2-8.json
442,Study,device2-14.json
443,Study,Heart-11.json
444,Study,fish-6.json
445,Study,frog-19.json
446,Study,fish-4.json
447,Study,imageA25.json
448,Study,jar-11.json
449,Study,device9-12.json
450,Study,fountain-11.json
451,Study,flatfish-18.json
452,Study,device8-11.json
453,Study,Bone-8.json
454,Study,cellular_phone-8.json
455,Study,bottle-13.json
456,Study,Glas-20.json
457,Study,chopper-01.json
458,Study,flatfish-2.json
459,Study,fork-6.json
460,Study,horse-18.json
461,Study,car-06.json
462,Study,HCircle-9.json
463,Study,device7-7.json
464,Study,lizzard-2.json
465,Study,bat-8.json
466,Study,device3-3.json
467,Study,face-11.json
468,Study,watch-13.json
469,Study,butterfly-18.json
470,Study,flatfish-16.json
471,Study,classic-6.json
472,Study,horse-2.json
473,Study,horse-7.json
474,Study,Bone-10.json
475,Study,bird-12.json
476,Study,key-2.json
477,Study,Heart-4.json
478,Study,camel-10.json
479,Study,frog-12.json
480,Study,camel-16.json
481,Study,device3-17.json
482,Study,chopper-13.json
483,Study,spoon-15.json
484,Study,HCircle-5.json
485,Study,classic-18.json
486,Study,device5-13.json
487,Study,teddy-17.json
488,Study,device8-4.json
489,Study,frog-2.json
490,Study,personal_car-18.json
491,Study,device7-1.json
492,Study,jar-5.json
493,Study,octopus-1.json
494,Study,key-4.json
495,Study,fish-18.json
496,Study,shoe-4.json
497,Study,classic-19.json
498,Study,horseshoe-18.json
499,Study,horse-12.json
500,Study,deer-20.json
501,Study,brick-04.json
502,Study,hammer-6.json
503,Study,fly-17.json
504,Study,lizzard-9.json
505,Study,face-10.json
506,Study,guitar-4.json
507,Study,flatfish-7.json
508,Study,device6-15.json
509,Study,key-5.json
510,Study,camel-5.json
511,Study,apple-8.json
512,Study,device4-11.json
513,Study,octopus-7.json
514,Study,ray-16.json
515,Study,fish-5.json
516,Study,beetle-7.json
517,Study,watch-11.json
518,Study,bird-6.json
519,Study,pencil-4.json
520,Study,device5-15.json
521,Study,tree-20.json
522,Study,Comma-16.json
523,Study,stef-02.json
524,Study,lmfish-18.json
525,Study,cellular_phone-13.json
526,Study,turtle-6.json
527,Study,guitar-9.json
528,Study,butterfly-5.json
529,Study,bird-15.json
530,Study,imageA26.json
531,Study,car-07.json
532,Study,apple-19.json
533,Study,watch-15.json
534,Study,bell-9.json
535,Study,chicken-19.json
536,Study,classic-3.json
537,Study,butterfly-9.json
538,Study,stef-14.json
539,Study,watch-19.json
540,Study,device4-6.json
541,Study,horse-16.json
542,Study,chicken-3.json
543,Study,pocket-8.json
544,Study,frog-11.json
545,Study,hammer-11.json
546,Study,crown-16.json
547,Study,butterfly-20.json
548,Study,flatfish-14.json
549,Study,dog-16.json
550,Study,tree-12.json
551,Study,Bone-17.json
552,Study,imageA13.json
553,Study,children-8.json
554,Study,imageA8.json
555,Study,personal_car-6.json
556,Study,car-17.json
557,Study,lizzard-8.json
558,Study,Heart-18.json
559,Study,octopus-15.json
560,Study,guitar-14.json
561,Study,Glas-13.json
562,Study,fountain-07.json
563,Study,spoon-17.json
564,Study,car-09.json
565,Study,tree-10.json
566,Study,device0-19.json
567,Study,carriage-07.json
568,Study,carriage-19.json
569,Study,fountain-13.json
570,Study,children-1.json
571,Study,apple-5.json
572,Study,device3-10.json
573,Study,fountain-16.json
574,Study,classic-1.json
575,Study,hat-18.json
576,Study,beetle-3.json
577,Study,carriage-03.json
578,Study,stef-05.json
579,Study,Glas-14.json
580,Study,hammer-2.json
581,Study,device8-19.json
582,Study,brick-15.json
583,Study,stef-20.json
584,Study,fish-17.json
585,Study,watch-8.json
586,Study,imageA1.json
587,Study,lmfish-2.json
588,Study,Heart-20.json
589,Study,chicken-6.json
590,Study,bird-20.json
591,Study,imageA27.json
592,Study,bottle-10.json
593,Study,flatfish-3.json
594,Study,brick-13.json
595,Study,Glas-1.json
596,Study,Misk-6.json
597,Study,cup-10.json
598,Study,Bone-7.json
599,Study,fork-20.json
600,Study,teddy-01.json
601,Study,bell-10.json
602,Study,teddy-02.json
603,Study,rat-01.json
604,Study,device3-8.json
605,Study,crown-8.json
606,Study,chicken-12.json
607,Study,hat-12.json
608,Study,device7-16.json
609,Study,carriage-13.json
610,Study,children-9.json
611,Study,Bone-9.json
612,Study,device1-9.json
613,Study,flatfish-13.json
614,Study,brick-06.json
615,Study,rat-05.json
616,Study,imageA23.json
617,Study,spoon-1.json
618,Study,device8-1.json
619,Study,classic-9.json
620,Study,device2-11.json
621,Study,device9-9.json
622,Study,Heart-15.json
623,Study,device3-11.json
624,Study,apple-15.json
625,Study,device4-15.json
626,Study,ray-5.json
627,Study,device3-16.json
628,Study,fly-15.json
629,Study,chopper-10.json
630,Study,spring-2.json
631,Study,device1-20.json
632,Study,horseshoe-6.json
633,Study,jar-7.json
634,Study,fork-11.json
635,Study,stef-17.json
636,Study,bottle-16.json
637,Study,cellular_phone-17.json
638,Study,guitar-12.json
639,Study,Heart-7.json
640,Study,Misk-17.json
641,Study,sea_snake-10.json
642,Study,hat-17.json
643,Study,tree-13.json
644,Study,device2-1.json
645,Study,chicken-18.json
646,Study,Misk-14.json
647,Study,apple-3.json
648,Study,device8-5.json
649,Study,jar-20.json
650,Study,imageA18.json
651,Study,chopper-03.json
652,Study,spoon-5.json
653,Study,hammer-5.json
654,Study,device3-12.json
655,Study,device4-5.json
656,Study,car-19.json
657,Study,fork-5.json
658,Study,classic-20.json
659,Study,spring-5.json
660,Study,pocket-15.json
661,Study,device5-16.json
662,Study,classic-10.json
663,Study,apple-4.json
664,Study,ray-8.json
665,Study,device9-16.json
666,Study,device3-13.json
667,Study,dog-20.json
668,Study,stef-06.json
669,Study,apple-9.json
670,Study,imageA2.json
671,Study,pencil-1.json
672,Study,fish-11.json
673,Study,device4-13.json
674,Study,bat-11.json
675,Study,face-4.json
676,Study,pencil-7.json
677,Study,fountain-09.json
678,Study,device9-10.json
679,Study,car-08.json
680,Study,ray-20.json
681,Study,Glas-8.json
682,Study,device2-4.json
683,Study,device7-2.json
684,Study,classic-8.json
685,Study,jar-13.json
686,Study,bat-4.json
687,Study,cellular_phone-15.json
688,Study,cellular_phone-9.json
689,Study,children-6.json
690,Study,device1-10.json
691,Study,shoe-6.json
692,Study,bell-20.json
693,Study,bell-7.json
694,Study,hat-6.json
695,Study,device0-1.json
696,Study,Bone-6.json
697,Study,watch-1.json
698,Study,watch-16.json
699,Study,device9-15.json
700,Study,stef-07.json
701,Study,face-9.json
702,Study,car-12.json
703,Study,device2-6.json
704,Study,fish-15.json
705,Study,cup-14.json
706,Study,device5-7.json
707,Study,pencil-15.json
708,Study,chopper-16.json
709,Study,bottle-18.json
710,Study,device1-14.json
711,Study,Glas-19.json
712,Study,horse-13.json
713,Study,device6-9.json
714,Study,bottle-01.json
715,Study,sea_snake-7.json
716,Study,HCircle-14.json
717,Study,device8-7.json
718,Study,lmfish-10.json
719,Study,teddy-06.json
720,Study,frog-13.json
721,Study,face-2.json
722,Study,turtle-17.json
723,Study,pencil-9.json
724,Study,shoe-3.json
725,Study,horseshoe-4.json
726,Study,apple-2.json
727,Study,device0-16.json
728,Study,device4-18.json
729,Study,children-4.json
730,Study,device6-13.json
731,Study,chicken-10.json
732,Study,bell-8.json
733,Study,device2-16.json
734,Study,Heart-6.json
735,Study,flatfish-12.json
736,Study,horseshoe-16.json
737,Study,horseshoe-15.json
738,Study,horseshoe-13.json
739,Study,cattle-15.json
740,Study,shoe-5.json
741,Study,frog-14.json
742,Study,rat-06.json
743,Study,octopus-19.json
744,Study,camel-14.json
745,Study,carriage-11.json
746,Study,watch-20.json
747,Study,watch-3.json
748,Study,cup-5.json
749,Study,teddy-19.json
750,Study,key-12.json
751,Study,bird-7.json
752,Study,butterfly-2.json
753,Study,pencil-10.json
754,Study,fish-13.json
755,Study,imageA10.json
756,Study,bird-5.json
757,Study,personal_car-14.json
758,Study,device4-19.json
759,Study,chicken-9.json
760,Study,octopus-9.json
761,Study,chicken-2.json
762,Study,device7-10.json
763,Study,spring-3.json
764,Study,pencil-3.json
765,Study,HCircle-7.json
766,Study,Misk-2.json
767,Study,device7-20.json
768,Study,device0-9.json
769,Study,children-10.json
770,Study,Heart-17.json
771,Study,Bone-12.json
772,Study,personal_car-12.json
773,Study,key-18.json
774,Study,hammer-14.json
775,Study,Misk-4.json
776,Study,device3-5.json
777,Study,device1-6.json
778,Study,device0-20.json
779,Study,spoon-14.json
780,Study,children-20.json
781,Study,horseshoe-7.json
782,Study,chicken-1.json
783,Study,bottle-03.json
784,Study,bell-2.json
785,Study,horseshoe-11.json
786,Study,device6-17.json
787,Study,bird-10.json
788,Study,device6-4.json
789,Study,horse-19.json
790,Study,pencil-8.json
791,Study,carriage-08.json
792,Study,flatfish-5.json
793,Study,brick-20.json
794,Study,shoe-10.json
795,Study,bat-14.json
796,Study,tree-17.json
797,Study,key-1.json
798,Study,spoon-3.json
799,Study,device1-3.json
800,Study,guitar-15.json
801,Study,spring-15.json
802,Study,bottle-19.json
803,Study,butterfly-4.json
804,Study,butterfly-1.json
805,Study,ray-14.json
806,Study,device5-3.json
807,Study,Glas-9.json
808,Study,hat-7.json
809,Study,crown-7.json
810,Study,device5-17.json
811,Study,bell-18.json
812,Study,fish-19.json
813,Study,Glas-17.json
814,Study,tree-8.json
815,Study,face-8.json
816,Study,device7-3.json
817,Study,device9-13.json
818,Study,device0-7.json
819,Study,frog-1.json
820,Study,sea_snake-2.json
821,Study,brick-17.json
822,Study,crown-20.json
823,Study,Heart-12.json
824,Study,rat-08.json
825,Study,chopper-15.json
826,Study,classic-4.json
827,Study,tree-2.json
828,Study,spoon-20.json
829,Study,device5-12.json
830,Study,watch-9.json
831,Study,bat-1.json
832,Study,lizzard-14.json
833,Study,pencil-19.json
834,Study,fish-12.json
835,Study,shoe-17.json
836,Study,Misk-18.json
837,Study,bottle-17.json
838,Study,chopper-05.json
839,Study,classic-15.json
840,Study,brick-18.json
841,Study,fork-16.json
842,Study,HCircle-10.json
843,Study,brick-10.json
844,Study,turtle-1.json
845,Study,imageA17.json
846,Study,device1-17.json
847,Study,lmfish-20.json
848,Study,chopper-19.json
849,Study,octopus-2.json
850,Study,carriage-09.json
851,Study,pocket-9.json
852,Study,pocket-7.json
853,Study,hat-20.json
854,Study,tree-5.json
855,Study,lizzard-3.json
856,Study,pencil-20.json
857,Study,crown-6.json
858,Study,device4-20.json
859,Study,guitar-5.json
860,Study,stef-16.json
861,Study,pocket-19.json
862,Study,device0-3.json
863,Study,rat-17.json
864,Study,cellular_phone-3.json
865,Study,pencil-2.json
866,Study,jar-8.json
867,Study,hat-10.json
868,Study,shoe-15.json
869,Study,classic-14.json
870,Study,bottle-05.json
871,Study,shoe-13.json
872,Study,Comma-15.json
873,Study,deer-4.json
874,Study,fork-14.json
875,Study,device5-10.json
876,Study,ray-13.json
877,Study,rat-07.json
878,Study,device2-17.json
879,Study,Comma-18.json
880,Study,device8-16.json
881,Study,device5-18.json
882,Study,device1-12.json
883,Study,cellular_phone-5.json
884,Study,bottle-20.json
885,Study,device8-9.json
886,Study,teddy-20.json
887,Study,guitar-8.json
888,Study,face-19.json
889,Study,cup-1.json
890,Study,spoon-19.json
891,Study,fork-4.json
892,Study,classic-7.json
893,Study,car-01.json
894,Study,tree-7.json
895,Study,bird-11.json
896,Study,children-17.json
897,Study,hat-16.json
898,Study,brick-03.json
899,Study,guitar-20.json
900,Study,device8-15.json
901,Study,jar-4.json
902,Study,fork-8.json
903,Study,guitar-13.json
904,Study,device7-15.json
905,Study,apple-6.json
906,Study,device6-8.json
907,Study,classic-11.json
908,Study,carriage-20.json
909,Study,bell-17.json
910,Study,horseshoe-9.json
911,Study,chicken-17.json
912,Study,cup-7.json
913,Study,teddy-05.json
914,Study,crown-1.json
915,Study,camel-11.json
916,Study,lizzard-10.json
917,Study,guitar-10.json
918,Study,fountain-17.json
919,Study,flatfish-4.json
920,Study,guitar-6.json
921,Study,children-7.json
922,Study,apple-17.json
923,Study,device5-5.json
924,Study,octopus-11.json
925,Study,chopper-08.json
926,Study,flatfish-6.json
927,Study,turtle-2.json
928,Study,key-3.json
929,Study,frog-9.json
930,Study,Bone-3.json
931,Study,crown-15.json
932,Study,tree-3.json
933,Study,Misk-3.json
934,Study,image3b.json
935,Study,imageA22.json
936,Study,turtle-14.json
937,Study,device0-14.json
938,Study,rat-13.json
939,Study,ray-2.json
940,Study,device7-8.json
941,Study,watch-18.json
942,Study,hat-9.json
943,Study,device3-20.json
944,Study,HCircle-18.json
945,Study,turtle-10.json
946,Study,bottle-15.json
947,Study,imageA24.json
948,Study,children-11.json
949,Study,device7-14.json
950,Study,HCircle-1.json
951,Study,crown-11.json
952,Study,pencil-17.json
953,Study,HCircle-16.json
954,Study,rat-19.json
955,Study,apple-16.json
956,Study,device4-1.json
957,Study,frog-10.json
958,Study,elephant-18.json
959,Study,watch-14.json
960,Study,Glas-2.json
961,Study,device0-5.json
962,Study,bell-13.json
963,Study,bottle-12.json
964,Study,pencil-16.json
965,Study,dog-1.json
966,Study,cattle-14.json
967,Study,device2-12.json
968,Study,lmfish-16.json
969,Study,teddy-13.json
970,Study,personal_car-9.json
971,Study,device0-8.json
972,Study,Glas-6.json
973,Study,rat-04.json
974,Study,horse-3.json
975,Study,brick-02.json
976,Study,device0-18.json
977,Study,pencil-5.json
978,Study,jar-16.json
979,Study,spring-17.json
980,Study,chicken-13.json
981,Study,bell-16.json
982,Study,hammer-4.json
983,Study,butterfly-12.json
984,Study,beetle-8.json
985,Study,fork-2.json
986,Study,device1-15.json
987,Study,camel-19.json
988,Study,teddy-07.json
989,Study,device8-2.json
990,Study,Heart-10.json
991,Study,bird-19.json
992,Study,device1-19.json
993,Study,device3-7.json
994,Study,hat-14.json
995,Study,rat-14.json
996,Study,key-17.json
997,Study,Heart-1.json
998,Study,Misk-16.json
999,Study,teddy-14.json
1000,Study,flatfish-19.json
1001,Study,lmfish-12.json
1002,Study,bat-15.json
1003,Study,camel-12.json
1004,Study,fountain-05.json
1005,Study,stef-15.json
1006,Study,cellular_phone-16.json
1007,Study,chopper-02.json
1008,Study,beetle-12.json
1009,Study,tree-1.json
1010,Study,device0-6.json
1011,Study,key-13.json
1012,Study,HCircle-4.json
1013,Study,device7-4.json
1014,Study,beetle-6.json
1015,Study,device1-4.json
1016,Study,Bone-19.json
1017,Study,bell-3.json
1018,Study,car-14.json
1019,Study,Bone-18.json
1020,Study,key-7.json
1021,Study,Comma-9.json
1022,Study,fork-9.json
1023,Study,shoe-18.json
1024,Study,fly-3.json
1025,Study,device6-6.json
1026,Study,lmfish-9.json
1027,Study,face-13.json
1028,Study,Glas-16.json
1029,Study,shoe-9.json
1030,Study,bat-17.json
1031,Study,bell-19.json
1032,Study,Bone-2.json
1033,Study,device0-17.json
1034,Study,face-1.json
1035,Study,cup-17.json
1036,Study,Misk-7.json
1037,Study,device1-5.json
1038,Study,hammer-19.json
1039,Study,car-11.json
1040,Study,teddy-03.json
1041,Study,device8-18.json
1042,Study,rat-03.json
1043,Study,butterfly-15.json
1044,Study,device9-14.json
1045,Study,camel-2.json
1046,Study,fountain-10.json
1047,Study,ray-15.json
1048,Study,dog-2.json
1049,Study,bat-20.json
1050,Study,device1-16.json
1051,Study,imageA21.json
1052,Study,jar-18.json
1053,Study,personal_car-20.json
1054,Study,cellular_phone-12.json
1055,Study,crown-2.json
1056,Study,imageA5.json
1057,Study,tree-9.json
1058,Study,Comma-2.json
1059,Study,device4-10.json
1060,Study,spoon-10.json
1061,Study,Comma-4.json
1062,Study,cup-20.json
1063,Study,Bone-4.json
1064,Study,bottle-09.json
1065,Study,elephant-19.json
1066,Study,bird-13.json
1067,Study,lmfish-17.json
1068,Study,ray-9.json
1069,Study,hat-4.json
1070,Study,teddy-18.json
1071,Study,spring-1.json
1072,Study,dog-17.json
1073,Study,fork-7.json
1074,Study,turtle-9.json
1075,Study,car-13.json
1076,Study,apple-10.json
1077,Study,personal_car-17.json
1078,Study,Comma-8.json
1079,Study,face-7.json
1080,Study,camel-6.json
1081,Study,pencil-11.json
1082,Study,spoon-13.json
1083,Study,ray-18.json
1084,Study,bottle-02.json
1085,Study,shoe-19.json
1086,Study,bell-1.json
1087,Study,cattle-7.json
1088,Study,personal_car-15.json
1089,Study,watch-7.json
1090,Study,bell-4.json
1091,Study,crown-19.json
1092,Study,Comma-14.json
1093,Study,chopper-06.json
1094,Study,octopus-14.json
1095,Study,face-12.json
1096,Study,HCircle-3.json
1097,Study,fork-15.json
1098,Study,cup-2.json
1099,Study,crown-13.json
1100,Study,stef-03.json
1101,Study,device3-15.json
1102,Study,cup-8.json
1103,Study,device9-8.json
1104,Study,fork-10.json
1105,Study,fountain-15.json
1106,Study,guitar-19.json
1107,Study,children-2.json
1108,Study,butterfly-19.json
1109,Study,fork-19.json
1110,Study,elephant-11.json
1111,Study,turtle-13.json
1112,Study,crown-18.json
1113,Study,apple-20.json
1114,Study,device3-19.json
1115,Study,Glas-11.json
1116,Study,cup-18.json
1117,Study,bell-6.json
1118,Study,car-18.json
1119,Study,horseshoe-5.json
1120,Study,Misk-15.json
1121,Study,carriage-16.json
1122,Study,dog-5.json
1123,Study,camel-18.json
1124,Study,lmfish-1.json
1125,Study,frog-16.json
1126,Study,device4-3.json
1127,Study,guitar-18.json
1128,Study,cup-11.json
1129,Study,pencil-12.json
1130,Study,apple-12.json
1131,Study,jar-1.json
1132,Study,turtle-15.json
1133,Study,jar-15.json
1134,Study,fountain-03.json
1135,Study,key-8.json
1136,Study,shoe-8.json
1137,Study,carriage-01.json
1138,Study,bat-12.json
1139,Study,key-11.json
1140,Study,frog-20.json
1141,Study,horseshoe-12.json
1142,Study,brick-07.json
1143,Study,deer-5.json
1144,Study,cup-6.json
1145,Study,device9-20.json
1146,Study,hammer-20.json
1147,Study,lmfish-4.json
1148,Study,Heart-9.json
1149,Study,Glas-18.json
1150,Study,cup-3.json
1151,Study,deer-9.json
1152,Study,dog-4.json
1153,Study,turtle-12.json
1154,Study,face-15.json
1155,Study,fountain-12.json
1156,Study,fork-18.json
1157,Study,imageA20.json
1158,Study,children-13.json
1159,Study,device4-9.json
1160,Study,Glas-7.json
1161,Study,flatfish-9.json
1162,Study,car-02.json
1163,Study,pocket-14.json
1164,Study,imageA11.json
1165,Study,HCircle-8.json
1166,Study,Comma-7.json
1167,Study,turtle-8.json
1168,Study,classic-13.json
1169,Study,Comma-13.json
1170,Study,Bone-5.json
1171,Study,Heart-13.json
1172,Study,spoon-8.json
1173,Study,spoon-9.json
1174,Study,device4-16.json
1175,Study,device8-17.json
1176,Study,jar-14.json
1177,Study,device2-18.json
1178,Study,sea_snake-4.json
1179,Study,device0-2.json
1180,Study,device6-20.json
1181,Study,device2-13.json
1182,Study,carriage-04.json
1183,Study,jar-17.json
1184,Study,brick-14.json
1185,Study,hammer-13.json
1186,Study,watch-17.json
1187,Study,bird-18.json
1188,Study,cup-19.json
1189,Study,watch-2.json
1190,Study,image3a.json
1191,Study,pencil-6.json
1192,Study,device1-11.json
1193,Study,bat-3.json
1194,Study,Misk-9.json
1195,Study,turtle-11.json
1196,Study,bird-16.json
1197,Study,rat-15.json
1198,Study,flatfish-11.json
1199,Study,horse-10.json
1200,Study,classic-12.json
1201,Study,key-9.json
1202,Study,device1-8.json
1203,Study,HCircle-13.json
1204,Study,Heart-19.json
1205,Study,Misk-19.json
1206,Study,butterfly-14.json
1207,Study,apple-18.json
1208,Study,teddy-15.json
1209,Study,butterfly-17.json
1210,Study,lmfish-3.json
1211,Study,HCircle-12.json
1212,Study,fork-1.json
1213,Study,elephant-17.json
1214,Study,fountain-02.json
1215,Study,Glas-10.json
1216,Study,pencil-14.json
1217,Study,lmfish-13.json
1218,Study,Heart-5.json
1219,Study,personal_car-11.json
1220,Study,key-19.json
1221,Study,crown-3.json
1222,Study,tree-15.json
1223,Study,device3-1.json
1224,Study,stef-09.json
1225,Study,guitar-3.json
1226,Study,guitar-7.json
1227,Study,device3-6.json
1228,Study,device7-5.json
1229,Study,crown-4.json
1230,Study,Glas-5.json
1231,Study,cup-13.json
1232,Study,camel-20.json
1233,Study,bat-10.json
1234,Study,hammer-7.json
1235,Study,frog-18.json
1236,Study,Comma-17.json
1237,Study,Comma-6.json
1238,Study,horseshoe-8.json
1239,Study,device8-13.json
1240,Study,hat-8.json
1241,Study,dog-8.json
1242,Study,ray-17.json
1243,Study,tree-14.json
1244,Study,classic-2.json
1245,Study,chicken-8.json
1246,GoldStandard,crown-10.json
1247,GoldStandard,chopper-12.json
1248,GoldStandard,image4.json
1249,GoldStandard,teddy-12.json
1250,Study,jar-19.json
1251,Study,device2-19.json
1252,Study,sea_snake-16.json
1253,Study,image2a.json
1254,Study,Misk-12.json
1255,Study,fish-14.json
